,feature_name,importance
795,Column_795,0
920,Column_920,0
919,Column_919,0
918,Column_918,0
917,Column_917,0
916,Column_916,0
915,Column_915,0
914,Column_914,0
913,Column_913,0
912,Column_912,0
911,Column_911,0
910,Column_910,0
909,Column_909,0
908,Column_908,0
907,Column_907,0
906,Column_906,0
905,Column_905,0
904,Column_904,0
921,Column_921,0
903,Column_903,0
922,Column_922,0
924,Column_924,0
941,Column_941,0
940,Column_940,0
939,Column_939,0
938,Column_938,0
937,Column_937,0
936,Column_936,0
935,Column_935,0
934,Column_934,0
933,Column_933,0
932,Column_932,0
931,Column_931,0
930,Column_930,0
929,Column_929,0
928,Column_928,0
927,Column_927,0
926,Column_926,0
925,Column_925,0
923,Column_923,0
902,Column_902,0
901,Column_901,0
900,Column_900,0
877,Column_877,0
876,Column_876,0
875,Column_875,0
874,Column_874,0
873,Column_873,0
872,Column_872,0
871,Column_871,0
870,Column_870,0
869,Column_869,0
868,Column_868,0
867,Column_867,0
1421,Column_1421,0
865,Column_865,0
864,Column_864,0
1422,Column_1422,0
862,Column_862,0
1423,Column_1423,0
878,Column_878,0
879,Column_879,0
880,Column_880,0
881,Column_881,0
899,Column_899,0
898,Column_898,0
897,Column_897,0
896,Column_896,0
895,Column_895,0
894,Column_894,0
893,Column_893,0
892,Column_892,0
942,Column_942,0
891,Column_891,0
889,Column_889,0
888,Column_888,0
887,Column_887,0
1420,Column_1420,0
885,Column_885,0
884,Column_884,0
883,Column_883,0
882,Column_882,0
890,Column_890,0
943,Column_943,0
944,Column_944,0
945,Column_945,0
1006,Column_1006,0
1005,Column_1005,0
1004,Column_1004,0
1003,Column_1003,0
1002,Column_1002,0
1401,Column_1401,0
1402,Column_1402,0
1403,Column_1403,0
998,Column_998,0
997,Column_997,0
996,Column_996,0
995,Column_995,0
994,Column_994,0
993,Column_993,0
992,Column_992,0
991,Column_991,0
990,Column_990,0
1007,Column_1007,0
1008,Column_1008,0
1009,Column_1009,0
1010,Column_1010,0
1028,Column_1028,0
1027,Column_1027,0
1026,Column_1026,0
1025,Column_1025,0
1024,Column_1024,0
1023,Column_1023,0
1022,Column_1022,0
1021,Column_1021,0
988,Column_988,0
1398,Column_1398,0
1018,Column_1018,0
1399,Column_1399,0
1016,Column_1016,0
1400,Column_1400,0
1014,Column_1014,0
1013,Column_1013,0
1012,Column_1012,0
1011,Column_1011,0
1019,Column_1019,0
860,Column_860,0
1404,Column_1404,0
985,Column_985,0
1414,Column_1414,0
961,Column_961,0
960,Column_960,0
959,Column_959,0
958,Column_958,0
957,Column_957,0
956,Column_956,0
955,Column_955,0
954,Column_954,0
1415,Column_1415,0
1416,Column_1416,0
1417,Column_1417,0
1418,Column_1418,0
1419,Column_1419,0
948,Column_948,0
947,Column_947,0
946,Column_946,0
1413,Column_1413,0
964,Column_964,0
965,Column_965,0
966,Column_966,0
1406,Column_1406,0
983,Column_983,0
982,Column_982,0
1409,Column_1409,0
980,Column_980,0
1410,Column_1410,0
1411,Column_1411,0
1412,Column_1412,0
1405,Column_1405,0
976,Column_976,0
974,Column_974,0
973,Column_973,0
972,Column_972,0
971,Column_971,0
970,Column_970,0
969,Column_969,0
968,Column_968,0
967,Column_967,0
975,Column_975,0
859,Column_859,0
858,Column_858,0
857,Column_857,0
1432,Column_1432,0
746,Column_746,0
1433,Column_1433,0
744,Column_744,0
743,Column_743,0
742,Column_742,0
1434,Column_1434,0
1435,Column_1435,0
739,Column_739,0
738,Column_738,0
737,Column_737,0
736,Column_736,0
735,Column_735,0
734,Column_734,0
733,Column_733,0
732,Column_732,0
731,Column_731,0
749,Column_749,0
750,Column_750,0
751,Column_751,0
752,Column_752,0
770,Column_770,0
769,Column_769,0
768,Column_768,0
767,Column_767,0
766,Column_766,0
765,Column_765,0
764,Column_764,0
763,Column_763,0
1436,Column_1436,0
762,Column_762,0
760,Column_760,0
759,Column_759,0
758,Column_758,0
757,Column_757,0
756,Column_756,0
755,Column_755,0
1430,Column_1430,0
753,Column_753,0
761,Column_761,0
771,Column_771,0
729,Column_729,0
1437,Column_1437,0
703,Column_703,0
702,Column_702,0
701,Column_701,0
700,Column_700,0
699,Column_699,0
1441,Column_1441,0
1442,Column_1442,0
1443,Column_1443,0
1444,Column_1444,0
1446,Column_1446,0
1447,Column_1447,0
692,Column_692,0
691,Column_691,0
690,Column_690,0
689,Column_689,0
688,Column_688,0
1373,Column_1373,0
704,Column_704,0
705,Column_705,0
706,Column_706,0
1440,Column_1440,0
726,Column_726,0
725,Column_725,0
724,Column_724,0
723,Column_723,0
722,Column_722,0
721,Column_721,0
720,Column_720,0
719,Column_719,0
728,Column_728,0
718,Column_718,0
1438,Column_1438,0
714,Column_714,0
713,Column_713,0
712,Column_712,0
711,Column_711,0
710,Column_710,0
709,Column_709,0
1439,Column_1439,0
717,Column_717,0
1029,Column_1029,0
772,Column_772,0
1429,Column_1429,0
834,Column_834,0
833,Column_833,0
832,Column_832,0
831,Column_831,0
830,Column_830,0
829,Column_829,0
828,Column_828,0
827,Column_827,0
826,Column_826,0
825,Column_825,0
824,Column_824,0
823,Column_823,0
822,Column_822,0
821,Column_821,0
820,Column_820,0
819,Column_819,0
818,Column_818,0
835,Column_835,0
836,Column_836,0
837,Column_837,0
1427,Column_1427,0
856,Column_856,0
855,Column_855,0
854,Column_854,0
853,Column_853,0
852,Column_852,0
851,Column_851,0
850,Column_850,0
849,Column_849,0
817,Column_817,0
848,Column_848,0
846,Column_846,0
845,Column_845,0
844,Column_844,0
843,Column_843,0
842,Column_842,0
1424,Column_1424,0
1425,Column_1425,0
1426,Column_1426,0
847,Column_847,0
773,Column_773,0
816,Column_816,0
814,Column_814,0
791,Column_791,0
790,Column_790,0
789,Column_789,0
788,Column_788,0
787,Column_787,0
786,Column_786,0
785,Column_785,0
784,Column_784,0
783,Column_783,0
782,Column_782,0
781,Column_781,0
780,Column_780,0
779,Column_779,0
778,Column_778,0
777,Column_777,0
776,Column_776,0
775,Column_775,0
792,Column_792,0
793,Column_793,0
794,Column_794,0
1428,Column_1428,0
813,Column_813,0
812,Column_812,0
811,Column_811,0
810,Column_810,0
809,Column_809,0
808,Column_808,0
807,Column_807,0
806,Column_806,0
815,Column_815,0
805,Column_805,0
803,Column_803,0
802,Column_802,0
801,Column_801,0
800,Column_800,0
799,Column_799,0
798,Column_798,0
797,Column_797,0
796,Column_796,0
804,Column_804,0
686,Column_686,0
1030,Column_1030,0
1032,Column_1032,0
1265,Column_1265,0
1264,Column_1264,0
1263,Column_1263,0
1262,Column_1262,0
1261,Column_1261,0
1260,Column_1260,0
1259,Column_1259,0
1258,Column_1258,0
1257,Column_1257,0
1256,Column_1256,0
1255,Column_1255,0
1254,Column_1254,0
1253,Column_1253,0
1252,Column_1252,0
1251,Column_1251,0
1250,Column_1250,0
1249,Column_1249,0
1266,Column_1266,0
1248,Column_1248,0
1267,Column_1267,0
1269,Column_1269,0
1286,Column_1286,0
1285,Column_1285,0
1284,Column_1284,0
1283,Column_1283,0
1282,Column_1282,0
1281,Column_1281,0
1280,Column_1280,0
1279,Column_1279,0
1278,Column_1278,0
1277,Column_1277,0
1276,Column_1276,0
1275,Column_1275,0
1274,Column_1274,0
1273,Column_1273,0
1272,Column_1272,0
1271,Column_1271,0
1270,Column_1270,0
1268,Column_1268,0
1247,Column_1247,0
1246,Column_1246,0
1245,Column_1245,0
1222,Column_1222,0
1221,Column_1221,0
1220,Column_1220,0
1219,Column_1219,0
1218,Column_1218,0
1381,Column_1381,0
1216,Column_1216,0
1382,Column_1382,0
1383,Column_1383,0
1213,Column_1213,0
1212,Column_1212,0
1211,Column_1211,0
1210,Column_1210,0
1209,Column_1209,0
1208,Column_1208,0
1207,Column_1207,0
1206,Column_1206,0
1223,Column_1223,0
1224,Column_1224,0
1225,Column_1225,0
1226,Column_1226,0
1244,Column_1244,0
1243,Column_1243,0
1377,Column_1377,0
1378,Column_1378,0
1240,Column_1240,0
1239,Column_1239,0
1238,Column_1238,0
1237,Column_1237,0
1287,Column_1287,0
1236,Column_1236,0
1234,Column_1234,0
1379,Column_1379,0
1380,Column_1380,0
1231,Column_1231,0
1230,Column_1230,0
1229,Column_1229,0
1228,Column_1228,0
1227,Column_1227,0
1235,Column_1235,0
1288,Column_1288,0
1289,Column_1289,0
1290,Column_1290,0
1350,Column_1350,0
1349,Column_1349,0
1348,Column_1348,0
1347,Column_1347,0
1346,Column_1346,0
1345,Column_1345,0
1344,Column_1344,0
1343,Column_1343,0
1342,Column_1342,0
1341,Column_1341,0
1340,Column_1340,0
1339,Column_1339,0
1338,Column_1338,0
1337,Column_1337,0
1336,Column_1336,0
1335,Column_1335,0
1334,Column_1334,0
1351,Column_1351,0
1352,Column_1352,0
1353,Column_1353,0
1354,Column_1354,0
1372,Column_1372,0
1371,Column_1371,0
1370,Column_1370,0
1369,Column_1369,0
1368,Column_1368,0
1367,Column_1367,0
1366,Column_1366,0
1365,Column_1365,0
1333,Column_1333,0
1364,Column_1364,0
1362,Column_1362,0
1361,Column_1361,0
1360,Column_1360,0
1359,Column_1359,0
1358,Column_1358,0
1357,Column_1357,0
1356,Column_1356,0
1355,Column_1355,0
1363,Column_1363,0
1205,Column_1205,0
1332,Column_1332,0
1330,Column_1330,0
1307,Column_1307,0
1306,Column_1306,0
1305,Column_1305,0
1304,Column_1304,0
1303,Column_1303,0
1302,Column_1302,0
1301,Column_1301,0
1300,Column_1300,0
1299,Column_1299,0
1298,Column_1298,0
1297,Column_1297,0
1296,Column_1296,0
1295,Column_1295,0
1294,Column_1294,0
1293,Column_1293,0
1292,Column_1292,0
1291,Column_1291,0
1308,Column_1308,0
1309,Column_1309,0
1310,Column_1310,0
1311,Column_1311,0
1329,Column_1329,0
1328,Column_1328,0
1327,Column_1327,0
1326,Column_1326,0
1325,Column_1325,0
1324,Column_1324,0
1323,Column_1323,0
1322,Column_1322,0
1331,Column_1331,0
1375,Column_1375,0
1319,Column_1319,0
1318,Column_1318,0
1317,Column_1317,0
1316,Column_1316,0
1315,Column_1315,0
1314,Column_1314,0
1313,Column_1313,0
1312,Column_1312,0
1376,Column_1376,0
1204,Column_1204,0
1203,Column_1203,0
1202,Column_1202,0
1092,Column_1092,0
1091,Column_1091,0
1090,Column_1090,0
1089,Column_1089,0
1088,Column_1088,0
1087,Column_1087,0
1086,Column_1086,0
1085,Column_1085,0
1393,Column_1393,0
1394,Column_1394,0
1082,Column_1082,0
1081,Column_1081,0
1080,Column_1080,0
1079,Column_1079,0
1395,Column_1395,0
1396,Column_1396,0
1076,Column_1076,0
1093,Column_1093,0
1094,Column_1094,0
1095,Column_1095,0
1096,Column_1096,0
1114,Column_1114,0
1113,Column_1113,0
1112,Column_1112,0
1111,Column_1111,0
1110,Column_1110,0
1109,Column_1109,0
1108,Column_1108,0
1107,Column_1107,0
1075,Column_1075,0
1106,Column_1106,0
1104,Column_1104,0
1103,Column_1103,0
1102,Column_1102,0
1101,Column_1101,0
1100,Column_1100,0
1099,Column_1099,0
1098,Column_1098,0
1097,Column_1097,0
1105,Column_1105,0
1392,Column_1392,0
1074,Column_1074,0
1072,Column_1072,0
1049,Column_1049,0
1048,Column_1048,0
1047,Column_1047,0
1046,Column_1046,0
1045,Column_1045,0
1044,Column_1044,0
1043,Column_1043,0
1042,Column_1042,0
1041,Column_1041,0
1040,Column_1040,0
1039,Column_1039,0
1038,Column_1038,0
1037,Column_1037,0
1397,Column_1397,0
1035,Column_1035,0
1034,Column_1034,0
1033,Column_1033,0
1050,Column_1050,0
1051,Column_1051,0
1052,Column_1052,0
1053,Column_1053,0
1071,Column_1071,0
1070,Column_1070,0
1069,Column_1069,0
1068,Column_1068,0
1067,Column_1067,0
1066,Column_1066,0
1065,Column_1065,0
1064,Column_1064,0
1073,Column_1073,0
1063,Column_1063,0
1061,Column_1061,0
1060,Column_1060,0
1059,Column_1059,0
1058,Column_1058,0
1057,Column_1057,0
1056,Column_1056,0
1055,Column_1055,0
1054,Column_1054,0
1062,Column_1062,0
1031,Column_1031,0
1116,Column_1116,0
1118,Column_1118,0
1179,Column_1179,0
1178,Column_1178,0
1177,Column_1177,0
1176,Column_1176,0
1387,Column_1387,0
1174,Column_1174,0
1173,Column_1173,0
1388,Column_1388,0
1171,Column_1171,0
1170,Column_1170,0
1169,Column_1169,0
1168,Column_1168,0
1167,Column_1167,0
1166,Column_1166,0
1165,Column_1165,0
1164,Column_1164,0
1163,Column_1163,0
1180,Column_1180,0
1181,Column_1181,0
1182,Column_1182,0
1183,Column_1183,0
1384,Column_1384,0
1385,Column_1385,0
1199,Column_1199,0
1386,Column_1386,0
1197,Column_1197,0
1196,Column_1196,0
1195,Column_1195,0
1194,Column_1194,0
1162,Column_1162,0
1193,Column_1193,0
1191,Column_1191,0
1190,Column_1190,0
1189,Column_1189,0
1188,Column_1188,0
1187,Column_1187,0
1186,Column_1186,0
1185,Column_1185,0
1184,Column_1184,0
1192,Column_1192,0
1391,Column_1391,0
1161,Column_1161,0
1159,Column_1159,0
1136,Column_1136,0
1135,Column_1135,0
1134,Column_1134,0
1133,Column_1133,0
1132,Column_1132,0
1131,Column_1131,0
1130,Column_1130,0
1129,Column_1129,0
1128,Column_1128,0
1389,Column_1389,0
1126,Column_1126,0
1125,Column_1125,0
1124,Column_1124,0
1123,Column_1123,0
1122,Column_1122,0
1121,Column_1121,0
1390,Column_1390,0
1137,Column_1137,0
1138,Column_1138,0
1139,Column_1139,0
1140,Column_1140,0
1158,Column_1158,0
1157,Column_1157,0
1156,Column_1156,0
1155,Column_1155,0
1154,Column_1154,0
1153,Column_1153,0
1152,Column_1152,0
1151,Column_1151,0
1160,Column_1160,0
1150,Column_1150,0
1148,Column_1148,0
1147,Column_1147,0
1146,Column_1146,0
1145,Column_1145,0
1144,Column_1144,0
1143,Column_1143,0
1142,Column_1142,0
1141,Column_1141,0
1149,Column_1149,0
685,Column_685,0
687,Column_687,0
683,Column_683,0
244,Column_244,0
243,Column_243,0
242,Column_242,0
241,Column_241,0
240,Column_240,0
239,Column_239,0
238,Column_238,0
245,Column_245,0
237,Column_237,0
235,Column_235,0
234,Column_234,0
233,Column_233,0
232,Column_232,0
231,Column_231,0
230,Column_230,0
229,Column_229,0
236,Column_236,0
246,Column_246,0
247,Column_247,0
248,Column_248,0
265,Column_265,0
264,Column_264,0
263,Column_263,0
262,Column_262,0
261,Column_261,0
260,Column_260,0
259,Column_259,0
258,Column_258,0
257,Column_257,0
256,Column_256,0
255,Column_255,0
254,Column_254,0
253,Column_253,0
252,Column_252,0
251,Column_251,0
250,Column_250,0
249,Column_249,0
228,Column_228,0
227,Column_227,0
226,Column_226,0
225,Column_225,0
203,Column_203,0
202,Column_202,0
201,Column_201,0
1473,Column_1473,0
199,Column_199,0
198,Column_198,0
197,Column_197,0
196,Column_196,0
195,Column_195,0
194,Column_194,0
193,Column_193,0
192,Column_192,0
191,Column_191,0
190,Column_190,0
189,Column_189,0
188,Column_188,0
187,Column_187,0
204,Column_204,0
266,Column_266,0
205,Column_205,0
207,Column_207,0
224,Column_224,0
223,Column_223,0
222,Column_222,0
221,Column_221,0
220,Column_220,0
219,Column_219,0
218,Column_218,0
217,Column_217,0
216,Column_216,0
215,Column_215,0
214,Column_214,0
213,Column_213,0
212,Column_212,0
211,Column_211,0
210,Column_210,0
209,Column_209,0
208,Column_208,0
206,Column_206,0
267,Column_267,0
268,Column_268,0
269,Column_269,0
328,Column_328,0
327,Column_327,0
326,Column_326,0
325,Column_325,0
324,Column_324,0
323,Column_323,0
322,Column_322,0
321,Column_321,0
320,Column_320,0
319,Column_319,0
318,Column_318,0
317,Column_317,0
316,Column_316,0
315,Column_315,0
314,Column_314,0
313,Column_313,0
312,Column_312,0
329,Column_329,0
311,Column_311,0
330,Column_330,0
332,Column_332,0
349,Column_349,0
348,Column_348,0
347,Column_347,0
346,Column_346,0
345,Column_345,0
344,Column_344,0
343,Column_343,0
684,Column_684,0
341,Column_341,0
340,Column_340,0
339,Column_339,0
338,Column_338,0
337,Column_337,0
336,Column_336,0
335,Column_335,0
334,Column_334,0
333,Column_333,0
331,Column_331,0
186,Column_186,0
310,Column_310,0
308,Column_308,0
286,Column_286,0
285,Column_285,0
284,Column_284,0
283,Column_283,0
282,Column_282,0
1471,Column_1471,0
1472,Column_1472,0
279,Column_279,0
278,Column_278,0
277,Column_277,0
276,Column_276,0
275,Column_275,0
274,Column_274,0
273,Column_273,0
272,Column_272,0
271,Column_271,0
270,Column_270,0
287,Column_287,0
309,Column_309,0
288,Column_288,0
1470,Column_1470,0
307,Column_307,0
306,Column_306,0
305,Column_305,0
304,Column_304,0
303,Column_303,0
302,Column_302,0
301,Column_301,0
300,Column_300,0
299,Column_299,0
1467,Column_1467,0
297,Column_297,0
296,Column_296,0
1468,Column_1468,0
294,Column_294,0
293,Column_293,0
1469,Column_1469,0
291,Column_291,0
289,Column_289,0
185,Column_185,0
184,Column_184,0
183,Column_183,0
75,Column_75,0
74,Column_74,0
72,Column_72,0
71,Column_71,0
1508,Column_1508,0
1509,Column_1509,0
1510,Column_1510,0
1511,Column_1511,0
1512,Column_1512,0
1513,Column_1513,0
1514,Column_1514,0
1515,Column_1515,0
1516,Column_1516,0
1517,Column_1517,0
1518,Column_1518,0
1519,Column_1519,0
1520,Column_1520,0
1507,Column_1507,0
1521,Column_1521,0
1505,Column_1505,0
1501,Column_1501,0
1485,Column_1485,0
97,Column_97,0
1486,Column_1486,0
1487,Column_1487,0
1488,Column_1488,0
1489,Column_1489,0
1490,Column_1490,0
1491,Column_1491,0
1492,Column_1492,0
1493,Column_1493,0
1494,Column_1494,0
1495,Column_1495,0
1496,Column_1496,0
1497,Column_1497,0
1498,Column_1498,0
1499,Column_1499,0
1500,Column_1500,0
1502,Column_1502,0
99,Column_99,0
1522,Column_1522,0
1524,Column_1524,0
1542,Column_1542,0
1543,Column_1543,0
1544,Column_1544,0
1545,Column_1545,0
1546,Column_1546,0
1547,Column_1547,0
1548,Column_1548,0
1549,Column_1549,0
1550,Column_1550,0
13,Column_13,0
1552,Column_1552,0
1555,Column_1555,0
1556,Column_1556,0
1562,Column_1562,0
1568,Column_1568,0
1572,Column_1572,0
1580,Column_1580,0
26,Column_26,0
1523,Column_1523,0
1541,Column_1541,0
1540,Column_1540,0
1525,Column_1525,0
1526,Column_1526,0
1527,Column_1527,0
1528,Column_1528,0
1529,Column_1529,0
1530,Column_1530,0
1531,Column_1531,0
1532,Column_1532,0
1533,Column_1533,0
1534,Column_1534,0
1535,Column_1535,0
1536,Column_1536,0
1537,Column_1537,0
1538,Column_1538,0
1539,Column_1539,0
34,Column_34,0
33,Column_33,0
28,Column_28,0
350,Column_350,0
1484,Column_1484,0
102,Column_102,0
1479,Column_1479,0
160,Column_160,0
159,Column_159,0
158,Column_158,0
157,Column_157,0
156,Column_156,0
155,Column_155,0
154,Column_154,0
153,Column_153,0
152,Column_152,0
151,Column_151,0
150,Column_150,0
149,Column_149,0
148,Column_148,0
147,Column_147,0
146,Column_146,0
145,Column_145,0
1478,Column_1478,0
144,Column_144,0
163,Column_163,0
165,Column_165,0
182,Column_182,0
181,Column_181,0
180,Column_180,0
179,Column_179,0
178,Column_178,0
1474,Column_1474,0
176,Column_176,0
175,Column_175,0
174,Column_174,0
173,Column_173,0
172,Column_172,0
171,Column_171,0
170,Column_170,0
169,Column_169,0
1475,Column_1475,0
1476,Column_1476,0
166,Column_166,0
1477,Column_1477,0
101,Column_101,0
143,Column_143,0
141,Column_141,0
119,Column_119,0
118,Column_118,0
117,Column_117,0
116,Column_116,0
115,Column_115,0
114,Column_114,0
113,Column_113,0
1480,Column_1480,0
1481,Column_1481,0
110,Column_110,0
109,Column_109,0
108,Column_108,0
107,Column_107,0
1482,Column_1482,0
105,Column_105,0
104,Column_104,0
1483,Column_1483,0
120,Column_120,0
142,Column_142,0
121,Column_121,0
123,Column_123,0
140,Column_140,0
139,Column_139,0
138,Column_138,0
137,Column_137,0
136,Column_136,0
135,Column_135,0
134,Column_134,0
133,Column_133,0
132,Column_132,0
131,Column_131,0
130,Column_130,0
129,Column_129,0
128,Column_128,0
127,Column_127,0
126,Column_126,0
125,Column_125,0
124,Column_124,0
122,Column_122,0
351,Column_351,0
342,Column_342,0
353,Column_353,0
577,Column_577,0
576,Column_576,0
575,Column_575,0
574,Column_574,0
573,Column_573,0
572,Column_572,0
571,Column_571,0
578,Column_578,0
570,Column_570,0
568,Column_568,0
567,Column_567,0
566,Column_566,0
565,Column_565,0
564,Column_564,0
563,Column_563,0
562,Column_562,0
569,Column_569,0
579,Column_579,0
580,Column_580,0
581,Column_581,0
598,Column_598,0
597,Column_597,0
596,Column_596,0
595,Column_595,0
594,Column_594,0
593,Column_593,0
592,Column_592,0
591,Column_591,0
1450,Column_1450,0
1451,Column_1451,0
1452,Column_1452,0
1453,Column_1453,0
586,Column_586,0
585,Column_585,0
584,Column_584,0
583,Column_583,0
582,Column_582,0
561,Column_561,0
560,Column_560,0
559,Column_559,0
558,Column_558,0
536,Column_536,0
535,Column_535,0
534,Column_534,0
533,Column_533,0
532,Column_532,0
531,Column_531,0
530,Column_530,0
529,Column_529,0
528,Column_528,0
352,Column_352,0
526,Column_526,0
525,Column_525,0
524,Column_524,0
523,Column_523,0
522,Column_522,0
521,Column_521,0
520,Column_520,0
537,Column_537,0
599,Column_599,0
538,Column_538,0
540,Column_540,0
557,Column_557,0
556,Column_556,0
555,Column_555,0
554,Column_554,0
553,Column_553,0
552,Column_552,0
551,Column_551,0
550,Column_550,0
549,Column_549,0
548,Column_548,0
547,Column_547,0
546,Column_546,0
545,Column_545,0
544,Column_544,0
543,Column_543,0
542,Column_542,0
541,Column_541,0
539,Column_539,0
600,Column_600,0
601,Column_601,0
602,Column_602,0
661,Column_661,0
660,Column_660,0
659,Column_659,0
658,Column_658,0
657,Column_657,0
656,Column_656,0
655,Column_655,0
654,Column_654,0
653,Column_653,0
652,Column_652,0
651,Column_651,0
650,Column_650,0
649,Column_649,0
648,Column_648,0
647,Column_647,0
646,Column_646,0
645,Column_645,0
662,Column_662,0
644,Column_644,0
663,Column_663,0
665,Column_665,0
682,Column_682,0
681,Column_681,0
680,Column_680,0
679,Column_679,0
678,Column_678,0
677,Column_677,0
676,Column_676,0
675,Column_675,0
674,Column_674,0
673,Column_673,0
672,Column_672,0
671,Column_671,0
670,Column_670,0
669,Column_669,0
668,Column_668,0
667,Column_667,0
666,Column_666,0
664,Column_664,0
519,Column_519,0
643,Column_643,0
641,Column_641,0
619,Column_619,0
618,Column_618,0
617,Column_617,0
616,Column_616,0
615,Column_615,0
614,Column_614,0
613,Column_613,0
612,Column_612,0
611,Column_611,0
610,Column_610,0
609,Column_609,0
608,Column_608,0
1448,Column_1448,0
606,Column_606,0
605,Column_605,0
1449,Column_1449,0
603,Column_603,0
620,Column_620,0
642,Column_642,0
621,Column_621,0
623,Column_623,0
640,Column_640,0
639,Column_639,0
638,Column_638,0
637,Column_637,0
636,Column_636,0
635,Column_635,0
634,Column_634,0
633,Column_633,0
632,Column_632,0
631,Column_631,0
630,Column_630,0
629,Column_629,0
628,Column_628,0
627,Column_627,0
626,Column_626,0
625,Column_625,0
624,Column_624,0
622,Column_622,0
518,Column_518,0
527,Column_527,0
516,Column_516,0
411,Column_411,0
410,Column_410,0
409,Column_409,0
408,Column_408,0
407,Column_407,0
406,Column_406,0
405,Column_405,0
412,Column_412,0
404,Column_404,0
402,Column_402,0
401,Column_401,0
400,Column_400,0
399,Column_399,0
1460,Column_1460,0
397,Column_397,0
396,Column_396,0
403,Column_403,0
413,Column_413,0
414,Column_414,0
415,Column_415,0
432,Column_432,0
431,Column_431,0
430,Column_430,0
429,Column_429,0
428,Column_428,0
427,Column_427,0
426,Column_426,0
517,Column_517,0
424,Column_424,0
423,Column_423,0
422,Column_422,0
421,Column_421,0
420,Column_420,0
419,Column_419,0
418,Column_418,0
417,Column_417,0
416,Column_416,0
1461,Column_1461,0
394,Column_394,0
393,Column_393,0
1462,Column_1462,0
370,Column_370,0
369,Column_369,0
368,Column_368,0
367,Column_367,0
366,Column_366,0
365,Column_365,0
364,Column_364,0
363,Column_363,0
362,Column_362,0
361,Column_361,0
360,Column_360,0
359,Column_359,0
358,Column_358,0
357,Column_357,0
356,Column_356,0
355,Column_355,0
354,Column_354,0
371,Column_371,0
433,Column_433,0
372,Column_372,0
374,Column_374,0
391,Column_391,0
1463,Column_1463,0
389,Column_389,0
388,Column_388,0
1464,Column_1464,0
1465,Column_1465,0
1466,Column_1466,0
384,Column_384,0
383,Column_383,0
382,Column_382,0
381,Column_381,0
380,Column_380,0
379,Column_379,0
378,Column_378,0
377,Column_377,0
376,Column_376,0
375,Column_375,0
373,Column_373,0
434,Column_434,0
425,Column_425,0
436,Column_436,0
491,Column_491,0
490,Column_490,0
489,Column_489,0
488,Column_488,0
487,Column_487,0
1456,Column_1456,0
1457,Column_1457,0
1458,Column_1458,0
492,Column_492,0
1459,Column_1459,0
481,Column_481,0
480,Column_480,0
479,Column_479,0
435,Column_435,0
477,Column_477,0
476,Column_476,0
475,Column_475,0
474,Column_474,0
482,Column_482,0
493,Column_493,0
1455,Column_1455,0
495,Column_495,0
515,Column_515,0
514,Column_514,0
513,Column_513,0
512,Column_512,0
511,Column_511,0
510,Column_510,0
509,Column_509,0
508,Column_508,0
507,Column_507,0
506,Column_506,0
505,Column_505,0
504,Column_504,0
503,Column_503,0
501,Column_501,0
500,Column_500,0
1454,Column_1454,0
498,Column_498,0
497,Column_497,0
496,Column_496,0
473,Column_473,0
472,Column_472,0
478,Column_478,0
453,Column_453,0
454,Column_454,0
471,Column_471,0
452,Column_452,0
451,Column_451,0
450,Column_450,0
449,Column_449,0
448,Column_448,0
447,Column_447,0
455,Column_455,0
446,Column_446,0
444,Column_444,0
443,Column_443,0
442,Column_442,0
441,Column_441,0
440,Column_440,0
439,Column_439,0
438,Column_438,0
437,Column_437,0
445,Column_445,0
456,Column_456,0
1374,Column_1374,0
457,Column_457,0
470,Column_470,0
469,Column_469,0
468,Column_468,0
467,Column_467,0
466,Column_466,0
465,Column_465,0
464,Column_464,0
462,Column_462,0
461,Column_461,0
463,Column_463,0
458,Column_458,0
459,Column_459,0
460,Column_460,0
73,Column_73,1
60,Column_60,1
80,Column_80,1
1566,Column_1566,1
1560,Column_1560,1
31,Column_31,1
30,Column_30,1
25,Column_25,1
29,Column_29,1
1551,Column_1551,1
93,Column_93,1
748,Column_748,1
69,Column_69,1
70,Column_70,1
716,Column_716,1
502,Column_502,1
989,Column_989,1
1119,Column_1119,1
14,Column_14,1
59,Column_59,1
1570,Column_1570,2
1578,Column_1578,2
1579,Column_1579,2
1590,Column_1590,2
392,Column_392,2
1000,Column_1000,2
741,Column_741,2
45,Column_45,2
1215,Column_1215,2
12,Column_12,2
55,Column_55,2
83,Column_83,2
1574,Column_1574,3
280,Column_280,3
1558,Column_1558,3
90,Column_90,3
89,Column_89,3
85,Column_85,3
82,Column_82,3
984,Column_984,3
56,Column_56,3
1584,Column_1584,3
48,Column_48,3
40,Column_40,3
23,Column_23,3
21,Column_21,3
79,Column_79,4
1506,Column_1506,4
88,Column_88,4
49,Column_49,4
494,Column_494,4
20,Column_20,4
981,Column_981,4
81,Column_81,4
18,Column_18,4
1241,Column_1241,4
1582,Column_1582,4
607,Column_607,5
1445,Column_1445,5
38,Column_38,5
1571,Column_1571,6
979,Column_979,6
37,Column_37,6
398,Column_398,6
11,Column_11,6
66,Column_66,6
84,Column_84,7
57,Column_57,7
92,Column_92,7
1561,Column_1561,7
7,Column_7,7
62,Column_62,7
86,Column_86,8
695,Column_695,8
94,Column_94,8
53,Column_53,8
6,Column_6,8
63,Column_63,8
58,Column_58,9
1567,Column_1567,9
24,Column_24,9
8,Column_8,10
1504,Column_1504,10
1017,Column_1017,10
1559,Column_1559,10
1084,Column_1084,10
1565,Column_1565,10
91,Column_91,10
950,Column_950,10
499,Column_499,11
298,Column_298,11
1431,Column_1431,11
962,Column_962,11
1581,Column_1581,12
3,Column_3,12
1588,Column_1588,12
15,Column_15,12
50,Column_50,12
1577,Column_1577,12
1217,Column_1217,13
390,Column_390,13
281,Column_281,13
10,Column_10,13
36,Column_36,13
1564,Column_1564,14
162,Column_162,14
43,Column_43,14
51,Column_51,14
977,Column_977,15
292,Column_292,16
42,Column_42,17
1557,Column_1557,17
987,Column_987,17
839,Column_839,18
76,Column_76,18
1554,Column_1554,18
1569,Column_1569,19
1201,Column_1201,19
1586,Column_1586,19
112,Column_112,19
161,Column_161,20
54,Column_54,20
41,Column_41,20
951,Column_951,20
693,Column_693,20
61,Column_61,22
1589,Column_1589,24
1576,Column_1576,24
22,Column_22,25
1,Column_1,26
986,Column_986,27
1233,Column_1233,28
52,Column_52,29
200,Column_200,29
840,Column_840,30
1175,Column_1175,30
978,Column_978,31
999,Column_999,33
1583,Column_1583,34
103,Column_103,34
106,Column_106,35
16,Column_16,35
77,Column_77,35
1573,Column_1573,36
696,Column_696,37
87,Column_87,39
774,Column_774,39
707,Column_707,41
68,Column_68,41
754,Column_754,42
747,Column_747,42
4,Column_4,44
17,Column_17,45
1127,Column_1127,45
745,Column_745,46
35,Column_35,46
44,Column_44,48
727,Column_727,49
590,Column_590,50
886,Column_886,52
5,Column_5,53
866,Column_866,53
485,Column_485,53
1036,Column_1036,54
295,Column_295,56
1242,Column_1242,57
78,Column_78,59
19,Column_19,60
952,Column_952,61
861,Column_861,62
1115,Column_1115,63
290,Column_290,65
1408,Column_1408,66
27,Column_27,67
46,Column_46,67
486,Column_486,67
32,Column_32,69
949,Column_949,69
9,Column_9,69
589,Column_589,70
953,Column_953,71
1503,Column_1503,71
694,Column_694,73
1232,Column_1232,76
483,Column_483,76
697,Column_697,82
168,Column_168,82
47,Column_47,83
1078,Column_1078,84
1083,Column_1083,86
111,Column_111,87
65,Column_65,90
1020,Column_1020,90
708,Column_708,93
587,Column_587,96
395,Column_395,98
863,Column_863,99
1320,Column_1320,100
0,Column_0,101
385,Column_385,101
1015,Column_1015,103
841,Column_841,105
1214,Column_1214,106
604,Column_604,107
39,Column_39,110
740,Column_740,112
177,Column_177,116
730,Column_730,117
588,Column_588,119
484,Column_484,119
98,Column_98,123
1200,Column_1200,123
698,Column_698,125
1585,Column_1585,126
2,Column_2,131
100,Column_100,132
1198,Column_1198,135
1321,Column_1321,142
838,Column_838,144
1172,Column_1172,145
67,Column_67,150
963,Column_963,152
1587,Column_1587,152
1120,Column_1120,153
1117,Column_1117,154
164,Column_164,161
1575,Column_1575,177
386,Column_386,184
1563,Column_1563,186
1553,Column_1553,191
1001,Column_1001,194
387,Column_387,195
715,Column_715,208
167,Column_167,244
1077,Column_1077,276
1407,Column_1407,283
64,Column_64,360
96,Column_96,2543
95,Column_95,9651
